date,dad,trt,water_trt,plant,diameter_mm,leaf_count,stage,fruit_count
3/14/2025,1,C,w,1,26,8,v,0
3/14/2025,1,C,w,2,16,6,v,0
3/14/2025,1,C,w,3,30,8,v,0
3/14/2025,1,C,w,4,18,5,v,0
3/14/2025,1,C,w,5,28,10,v,0
3/14/2025,1,C,w,6,24,6,v,0
3/14/2025,1,C,w,7,15,6,v,0
3/14/2025,1,C,d,8,20,6,v,0
3/14/2025,1,C,w,9,26,8,v,0
3/14/2025,1,C,d,10,20,8,v,0
3/14/2025,1,C,w,11,30,10,v,0
3/14/2025,1,C,w,12,19,6,v,0
3/14/2025,1,C,d,13,13,6,v,0
3/14/2025,1,C,w,14,26,8,v,0
3/14/2025,1,C,d,15,14,6,v,0
3/14/2025,1,C,w,16,15,6,v,0
3/14/2025,1,C,d,17,22,8,v,0
3/14/2025,1,C,d,18,15,4,v,0
3/14/2025,1,C,w,19,28,8,v,0
3/14/2025,1,C,d,20,18,6,v,0
3/14/2025,1,C,d,21,22,8,v,0
3/14/2025,1,C,d,22,16,6,v,0
3/14/2025,1,C,d,23,16,7,v,0
3/14/2025,1,C,w,24,19,5,v,0
3/14/2025,1,C,w,25,20,6,v,0
3/14/2025,1,C,w,26,28,8,v,0
3/14/2025,1,C,w,27,20,8,v,0
3/14/2025,1,C,d,28,28,10,v,0
3/14/2025,1,C,d,29,19,6,v,0
3/14/2025,1,C,w,30,30,10,v,0
3/14/2025,1,C,w,31,24,8,v,0
3/14/2025,1,C,d,32,25,8,v,0
3/14/2025,1,C,d,33,15,4,v,0
3/14/2025,1,C,d,34,26,8,v,0
3/14/2025,1,C,d,35,21,8,v,0
3/14/2025,1,C,d,36,16,6,v,0
3/14/2025,1,C,d,37,21,6,v,0
3/14/2025,1,C,d,38,22,8,v,0
3/14/2025,1,E,d,1,17,6,v,0
3/14/2025,1,E,d,2,24,8,v,0
3/14/2025,1,E,w,3,19,7,v,0
3/14/2025,1,E,d,4,17,8,v,0
3/14/2025,1,E,d,5,24,9,v,0
3/14/2025,1,E,w,6,19,8,v,0
3/14/2025,1,E,w,7,24,8,v,0
3/14/2025,1,E,w,8,32,8,v,0
3/14/2025,1,E,d,9,17,5,v,0
3/14/2025,1,E,w,10,20,8,v,0
3/14/2025,1,E,w,11,17,6,v,0
3/14/2025,1,E,w,12,31,8,v,0
3/14/2025,1,E,d,13,17,6,v,0
3/14/2025,1,E,d,14,17,6,v,0
3/14/2025,1,E,w,15,22,8,v,0
3/14/2025,1,E,d,16,12,5,v,0
3/14/2025,1,E,w,17,13,6,v,0
3/14/2025,1,E,w,18,21,8,v,0
3/14/2025,1,E,w,19,18,7,v,0
3/14/2025,1,E,d,20,25,8,v,0
3/14/2025,1,E,w,21,17,8,v,0
3/14/2025,1,E,w,22,15,6,v,0
3/14/2025,1,E,w,23,28,8,v,0
3/14/2025,1,E,d,24,30,6,v,0
3/14/2025,1,E,d,25,28,8,v,0
3/14/2025,1,E,d,26,20,8,v,0
3/14/2025,1,E,d,27,24,8,v,0
3/14/2025,1,E,d,28,23,8,v,0
3/14/2025,1,E,w,29,15,6,v,0
3/14/2025,1,E,w,30,19,8,v,0
3/14/2025,1,E,d,31,25,8,v,0
3/14/2025,1,E,d,32,17,5,v,0
3/14/2025,1,E,w,33,32,8,v,0
3/14/2025,1,E,d,34,21,5,v,0
3/14/2025,1,E,w,35,24,7,v,0
3/14/2025,1,E,w,36,19,6,v,0
3/14/2025,1,E,d,37,27,12,v,0
3/14/2025,1,E,d,38,23,9,v,0
3/14/2025,1,T,d,1,23,9,v,0
3/14/2025,1,T,w,2,19,8,v,0
3/14/2025,1,T,d,3,16,4,v,0
3/14/2025,1,T,d,4,8,5,v,0
3/14/2025,1,T,w,5,15,7,v,0
3/14/2025,1,T,d,6,19,6,v,0
3/14/2025,1,T,d,7,18,7,v,0
3/14/2025,1,T,w,8,21,10,v,0
3/14/2025,1,T,w,9,26,7,v,0
3/14/2025,1,T,d,10,14,7,v,0
3/14/2025,1,T,d,11,21,8,v,0
3/14/2025,1,T,w,12,19,7,v,0
3/14/2025,1,T,d,13,21,6,v,0
3/14/2025,1,T,d,14,16,8,v,0
3/14/2025,1,T,d,15,20,8,v,0
3/14/2025,1,T,d,16,14,6,v,0
3/14/2025,1,T,w,17,13,6,v,0
3/14/2025,1,T,w,18,18,8,v,0
3/14/2025,1,T,d,19,14,8,v,0
3/14/2025,1,T,w,20,17,6,v,0
3/14/2025,1,T,w,21,14,6,v,0
3/14/2025,1,T,d,22,18,8,v,0
3/14/2025,1,T,d,23,17,8,v,0
3/14/2025,1,T,d,24,21,8,v,0
3/14/2025,1,T,w,25,16,6,v,0
3/14/2025,1,T,d,26,13,6,v,0
3/14/2025,1,T,d,27,19,8,v,0
3/14/2025,1,T,d,28,18,6,v,0
3/14/2025,1,T,d,29,16,6,v,0
3/14/2025,1,T,w,30,13,8,v,0
3/14/2025,1,T,w,31,16,8,v,0
3/14/2025,1,T,w,32,25,8,v,0
3/14/2025,1,T,w,33,20,8,v,0
3/14/2025,1,T,w,34,14,8,v,0
3/14/2025,1,T,w,35,24,8,v,0
3/14/2025,1,T,w,36,21,7,v,0
3/14/2025,1,T,w,37,26,8,v,0
3/14/2025,1,T,w,38,21,8,v,0
3/14/2025,1,HP,d,1,17,6,v,0
3/14/2025,1,HP,w,2,16,6,v,0
3/14/2025,1,HP,w,3,14,6,v,0
3/14/2025,1,HP,d,4,24,8,v,0
3/14/2025,1,HP,d,5,21,7,v,0
3/14/2025,1,HP,d,6,17,6,v,0
3/14/2025,1,HP,w,7,24,9,v,0
3/14/2025,1,HP,w,8,24,6,v,0
3/14/2025,1,HP,w,9,26,6,v,0
3/14/2025,1,HP,w,10,12,5,v,0
3/14/2025,1,HP,w,11,17,8,v,0
3/14/2025,1,HP,d,12,21,7,v,0
3/14/2025,1,HP,w,13,21,7,v,0
3/14/2025,1,HP,w,14,18,5,v,0
3/14/2025,1,HP,w,15,15,7,v,0
3/14/2025,1,HP,w,16,23,8,v,0
3/14/2025,1,HP,w,17,20,6,v,0
3/14/2025,1,HP,d,18,17,5,v,0
3/14/2025,1,HP,w,19,17,6,v,0
3/14/2025,1,HP,w,20,20,8,v,0
3/14/2025,1,HP,w,21,28,7,v,0
3/14/2025,1,HP,d,22,28,10,v,0
3/14/2025,1,HP,d,23,21,8,v,0
3/14/2025,1,HP,d,24,20,6,v,0
3/14/2025,1,HP,d,25,23,7,v,0
3/14/2025,1,HP,d,26,15,6,v,0
3/14/2025,1,HP,d,27,14,7,v,0
3/14/2025,1,HP,d,28,16,6,v,0
3/14/2025,1,HP,d,29,17,6,v,0
3/14/2025,1,HP,w,30,24,8,v,0
3/14/2025,1,HP,w,31,27,7,v,0
3/14/2025,1,HP,w,32,17,5,v,0
3/14/2025,1,HP,d,33,16,6,v,0
3/14/2025,1,HP,d,34,20,8,v,0
3/14/2025,1,HP,d,35,12,6,v,0
3/14/2025,1,HP,d,36,16,5,v,0
3/14/2025,1,HP,w,37,25,6,v,0
3/14/2025,1,HP,d,38,22,8,v,0
3/14/2025,1,MV,w,1,,,v,0
3/14/2025,1,MV,w,2,14,6,v,0
3/14/2025,1,MV,d,3,12,6,v,0
3/14/2025,1,MV,d,4,24,8,v,0
3/14/2025,1,MV,d,5,27,8,v,0
3/14/2025,1,MV,d,6,17,6,v,0
3/14/2025,1,MV,d,7,15,7,v,0
3/14/2025,1,MV,w,8,,,v,0
3/14/2025,1,MV,d,9,21,8,v,0
3/14/2025,1,MV,d,10,15,6,v,0
3/14/2025,1,MV,w,11,,,v,0
3/14/2025,1,MV,d,12,22,8,v,0
3/14/2025,1,MV,w,13,28,8,v,0
3/14/2025,1,MV,d,14,18,6,v,0
3/14/2025,1,MV,d,15,15,5,v,0
3/14/2025,1,MV,d,16,20,7,v,0
3/14/2025,1,MV,w,17,36,8,v,0
3/14/2025,1,MV,w,18,14,5,v,0
3/14/2025,1,MV,d,19,20,8,v,0
3/14/2025,1,MV,d,20,17,7,v,0
3/14/2025,1,MV,w,21,16,6,v,0
3/14/2025,1,MV,d,22,18,7,v,0
3/14/2025,1,MV,d,23,10,3,v,0
3/14/2025,1,MV,d,24,20,7,v,0
3/14/2025,1,MV,d,25,11,6,v,0
3/14/2025,1,MV,w,26,29,8,v,0
3/14/2025,1,MV,d,27,33,9,v,0
3/14/2025,1,MV,w,28,18,6,v,0
3/14/2025,1,MV,d,29,26,6,v,0
3/14/2025,1,MV,w,30,27,7,v,0
3/14/2025,1,MV,w,31,24,8,v,0
3/14/2025,1,MV,w,32,15,6,v,0
3/14/2025,1,MV,w,33,16,6,v,0
3/14/2025,1,MV,w,34,27,8,v,0
3/14/2025,1,MV,w,35,16,4,v,0
3/14/2025,1,MV,w,36,23,6,v,0
3/14/2025,1,MV,w,37,26,8,v,0
3/14/2025,1,MV,w,38,29,10,v,0
3/17/2025,4,C,w,1,25,7,v,0
3/17/2025,4,C,w,2,19,6,v,0
3/17/2025,4,C,w,3,37,8,v,0
3/17/2025,4,C,w,4,22,6,v,0
3/17/2025,4,C,w,5,34,16,v,0
3/17/2025,4,C,w,6,25,8,v,0
3/17/2025,4,C,w,7,18,7,v,0
3/17/2025,4,C,d,8,26,7,v,0
3/17/2025,4,C,w,9,30,12,v,0
3/17/2025,4,C,d,10,25,8,v,0
3/17/2025,4,C,w,11,32,10,v,0
3/17/2025,4,C,w,12,18,8,v,0
3/17/2025,4,C,d,13,15,6,v,0
3/17/2025,4,C,w,14,32,9,v,0
3/17/2025,4,C,d,15,17,6,v,0
3/17/2025,4,C,w,16,23,7,v,0
3/17/2025,4,C,d,17,26,8,v,0
3/17/2025,4,C,d,18,19,4,v,0
3/17/2025,4,C,w,19,30,9,v,0
3/17/2025,4,C,d,20,19,7,v,0
3/17/2025,4,C,d,21,26,8,v,0
3/17/2025,4,C,d,22,23,8,v,0
3/17/2025,4,C,d,23,22,8,v,0
3/17/2025,4,C,w,24,26,7,v,0
3/17/2025,4,C,w,25,24,7,v,0
3/17/2025,4,C,w,26,28,8,v,0
3/17/2025,4,C,w,27,24,8,v,0
3/17/2025,4,C,d,28,34,11,v,0
3/17/2025,4,C,d,29,27,8,v,0
3/17/2025,4,C,w,30,31,12,v,0
3/17/2025,4,C,w,31,28,8,v,0
3/17/2025,4,C,d,32,33,8,v,0
3/17/2025,4,C,d,33,24,6,v,0
3/17/2025,4,C,d,34,40,10,v,0
3/17/2025,4,C,d,35,24,8,v,0
3/17/2025,4,C,d,36,20,6,v,0
3/17/2025,4,C,d,37,24,5,v,0
3/17/2025,4,C,d,38,23,9,v,0
3/17/2025,4,E,d,1,19,6,v,0
3/17/2025,4,E,d,2,24,10,v,0
3/17/2025,4,E,w,3,19,7,v,0
3/17/2025,4,E,d,4,26,8,v,0
3/17/2025,4,E,d,5,26,11,v,0
3/17/2025,4,E,w,6,24,7,v,0
3/17/2025,4,E,w,7,27,12,v,0
3/17/2025,4,E,w,8,25,8,v,0
3/17/2025,4,E,d,9,22,5,v,0
3/17/2025,4,E,w,10,19,8,v,0
3/17/2025,4,E,w,11,22,8,v,0
3/17/2025,4,E,w,12,25,9,v,0
3/17/2025,4,E,d,13,21,8,v,0
3/17/2025,4,E,d,14,22,8,v,0
3/17/2025,4,E,w,15,21,8,v,0
3/17/2025,4,E,d,16,11,8,v,0
3/17/2025,4,E,w,17,15,6,v,0
3/17/2025,4,E,w,18,24,10,v,0
3/17/2025,4,E,w,19,21,8,v,0
3/17/2025,4,E,d,20,20,9,v,0
3/17/2025,4,E,w,21,20,8,v,0
3/17/2025,4,E,w,22,16,6,v,0
3/17/2025,4,E,w,23,24,8,v,0
3/17/2025,4,E,d,24,29,7,v,0
3/17/2025,4,E,d,25,22,8,v,0
3/17/2025,4,E,d,26,27,8,v,0
3/17/2025,4,E,d,27,35,12,v,0
3/17/2025,4,E,d,28,23,8,v,0
3/17/2025,4,E,w,29,17,8,v,0
3/17/2025,4,E,w,30,20,7,v,0
3/17/2025,4,E,d,31,31,9,v,0
3/17/2025,4,E,d,32,19,6,v,0
3/17/2025,4,E,w,33,34,12,v,0
3/17/2025,4,E,d,34,22,5,v,0
3/17/2025,4,E,w,35,28,9,v,0
3/17/2025,4,E,w,36,31,7,v,0
3/17/2025,4,E,d,37,32,15,v,0
3/17/2025,4,E,d,38,27,10,v,0
3/17/2025,4,T,d,1,20,9,v,0
3/17/2025,4,T,w,2,19,9,v,0
3/17/2025,4,T,d,3,20,7,v,0
3/17/2025,4,T,d,4,12,4,v,0
3/17/2025,4,T,w,5,21,9,v,0
3/17/2025,4,T,d,6,21,7,v,0
3/17/2025,4,T,d,7,18,7,v,0
3/17/2025,4,T,w,8,26,10,v,0
3/17/2025,4,T,w,9,26,8,v,0
3/17/2025,4,T,d,10,16,9,v,0
3/17/2025,4,T,d,11,23,9,v,0
3/17/2025,4,T,w,12,21,8,v,0
3/17/2025,4,T,d,13,23,5,v,0
3/17/2025,4,T,d,14,21,8,v,0
3/17/2025,4,T,d,15,24,7,v,0
3/17/2025,4,T,d,16,17,6,v,0
3/17/2025,4,T,w,17,16,7,v,0
3/17/2025,4,T,w,18,23,7,v,0
3/17/2025,4,T,d,19,19,8,v,0
3/17/2025,4,T,w,20,23,8,v,0
3/17/2025,4,T,w,21,13,6,v,0
3/17/2025,4,T,d,22,21,7,v,0
3/17/2025,4,T,d,23,17,10,v,0
3/17/2025,4,T,d,24,30,7,v,0
3/17/2025,4,T,w,25,19,8,v,0
3/17/2025,4,T,d,26,15,6,v,0
3/17/2025,4,T,d,27,21,8,v,0
3/17/2025,4,T,d,28,26,7,v,0
3/17/2025,4,T,d,29,17,6,v,0
3/17/2025,4,T,w,30,14,8,v,0
3/17/2025,4,T,w,31,16,8,v,0
3/17/2025,4,T,w,32,27,10,v,0
3/17/2025,4,T,w,33,25,9,v,0
3/17/2025,4,T,w,34,17,8,v,0
3/17/2025,4,T,w,35,26,11,v,0
3/17/2025,4,T,w,36,20,7,v,0
3/17/2025,4,T,w,37,22,7,v,0
3/17/2025,4,T,w,38,20,8,v,0
3/17/2025,4,HP,d,1,26,6,v,0
3/17/2025,4,HP,w,2,17,8,v,0
3/17/2025,4,HP,w,3,16,8,v,0
3/17/2025,4,HP,d,4,27,8,v,0
3/17/2025,4,HP,d,5,24,7,v,0
3/17/2025,4,HP,d,6,21,5,v,0
3/17/2025,4,HP,w,7,33,21,v,0
3/17/2025,4,HP,w,8,27,9,v,0
3/17/2025,4,HP,w,9,26,8,v,0
3/17/2025,4,HP,w,10,na,na,na,na
3/17/2025,4,HP,w,11,21,7,v,0
3/17/2025,4,HP,d,12,26,7,v,0
3/17/2025,4,HP,w,13,19,8,v,0
3/17/2025,4,HP,w,14,20,3,v,0
3/17/2025,4,HP,w,15,23,7,v,0
3/17/2025,4,HP,w,16,26,8,v,0
3/17/2025,4,HP,w,17,21,8,v,0
3/17/2025,4,HP,d,18,19,6,v,0
3/17/2025,4,HP,w,19,18,7,v,0
3/17/2025,4,HP,w,20,26,9,v,0
3/17/2025,4,HP,w,21,28,6,v,0
3/17/2025,4,HP,d,22,30,11,v,0
3/17/2025,4,HP,d,23,23,7,v,0
3/17/2025,4,HP,d,24,23,8,v,0
3/17/2025,4,HP,d,25,22,6,v,0
3/17/2025,4,HP,d,26,22,8,v,0
3/17/2025,4,HP,d,27,16,6,v,0
3/17/2025,4,HP,d,28,20,6,v,0
3/17/2025,4,HP,d,29,19,8,v,0
3/17/2025,4,HP,w,30,29,9,v,0
3/17/2025,4,HP,w,31,30,6,v,0
3/17/2025,4,HP,w,32,23,5,v,0
3/17/2025,4,HP,d,33,23,8,v,0
3/17/2025,4,HP,d,34,23,8,v,0
3/17/2025,4,HP,d,35,18,7,v,0
3/17/2025,4,HP,d,36,17,7,v,0
3/17/2025,4,HP,w,37,27,6,v,0
3/17/2025,4,HP,d,38,24,7,v,0
3/17/2025,4,MV,w,1,23,7,v,0
3/17/2025,4,MV,w,2,18,7,v,0
3/17/2025,4,MV,d,3,16,5,v,0
3/17/2025,4,MV,d,4,29,8,v,0
3/17/2025,4,MV,d,5,28,10,v,0
3/17/2025,4,MV,d,6,20,6,v,0
3/17/2025,4,MV,d,7,25,8,v,0
3/17/2025,4,MV,w,8,26,8,v,0
3/17/2025,4,MV,d,9,20,9,v,0
3/17/2025,4,MV,d,10,22,8,v,0
3/17/2025,4,MV,w,11,25,7,v,0
3/17/2025,4,MV,d,12,22,8,v,0
3/17/2025,4,MV,w,13,34,12,v,0
3/17/2025,4,MV,d,14,26,8,v,0
3/17/2025,4,MV,d,15,17,5,v,0
3/17/2025,4,MV,d,16,24,7,v,0
3/17/2025,4,MV,w,17,29,12,v,0
3/17/2025,4,MV,w,18,14,5,v,0
3/17/2025,4,MV,d,19,24,7,v,0
3/17/2025,4,MV,d,20,23,7,v,0
3/17/2025,4,MV,w,21,20,7,v,0
3/17/2025,4,MV,d,22,22,7,v,0
3/17/2025,4,MV,d,23,15,3,v,0
3/17/2025,4,MV,d,24,30,7,v,0
3/17/2025,4,MV,d,25,21,6,v,0
3/17/2025,4,MV,w,26,27,8,v,0
3/17/2025,4,MV,d,27,26,13,v,0
3/17/2025,4,MV,w,28,17,6,v,0
3/17/2025,4,MV,d,29,34,8,v,0
3/17/2025,4,MV,w,30,24,8,v,0
3/17/2025,4,MV,w,31,24,8,v,0
3/17/2025,4,MV,w,32,21,7,v,0
3/17/2025,4,MV,w,33,14,5,v,0
3/17/2025,4,MV,w,34,29,8,v,0
3/17/2025,4,MV,w,35,24,5,v,0
3/17/2025,4,MV,w,36,24,7,v,0
3/17/2025,4,MV,w,37,29,8,v,0
3/17/2025,4,MV,w,38,41,12,v,0
3/21/2025,7,C,w,1,33,12,v,0
3/21/2025,7,C,w,2,25,7,v,0
3/21/2025,7,C,w,3,37,12,v,0
3/21/2025,7,C,w,4,31,7,v,0
3/21/2025,7,C,w,5,34,20,v,0
3/21/2025,7,C,w,6,33,10,v,0
3/21/2025,7,C,w,7,23,8,v,0
3/21/2025,7,C,d,8,29,8,v,0
3/21/2025,7,C,w,9,38,12,v,0
3/21/2025,7,C,d,10,28,9,v,0
3/21/2025,7,C,w,11,36,14,v,0
3/21/2025,7,C,w,12,29,7,v,0
3/21/2025,7,C,d,13,16,6,v,0
3/21/2025,7,C,w,14,35,9,v,0
3/21/2025,7,C,d,15,21,6,v,0
3/21/2025,7,C,w,16,26,8,v,0
3/21/2025,7,C,d,17,31,10,v,0
3/21/2025,7,C,d,18,20,4,v,0
3/21/2025,7,C,w,19,40,8,v,0
3/21/2025,7,C,d,20,14,6,v,0
3/21/2025,7,C,d,21,29,10,v,0
3/21/2025,7,C,d,22,24,8,v,0
3/21/2025,7,C,d,23,23,8,v,0
3/21/2025,7,C,w,24,37,6,v,0
3/21/2025,7,C,w,25,30,8,v,0
3/21/2025,7,C,w,26,30,8,v,0
3/21/2025,7,C,w,27,26,7,v,0
3/21/2025,7,C,d,28,41,12,v,0
3/21/2025,7,C,d,29,27,8,v,0
3/21/2025,7,C,w,30,37,12,v,0
3/21/2025,7,C,w,31,34,10,v,0
3/21/2025,7,C,d,32,30,9,v,0
3/21/2025,7,C,d,33,29,6,v,0
3/21/2025,7,C,d,34,29,9,v,0
3/21/2025,7,C,d,35,24,8,v,0
3/21/2025,7,C,d,36,25,7,v,0
3/21/2025,7,C,d,37,29,5,v,0
3/21/2025,7,C,d,38,24,8,v,0
3/21/2025,7,E,d,1,23,8,v,0
3/21/2025,7,E,d,2,25,9,v,0
3/21/2025,7,E,w,3,29,8,v,0
3/21/2025,7,E,d,4,18,8,v,0
3/21/2025,7,E,d,5,29,14,v,0
3/21/2025,7,E,w,6,24,8,v,0
3/21/2025,7,E,w,7,32,12,v,0
3/21/2025,7,E,w,8,30,10,v,0
3/21/2025,7,E,d,9,27,7,v,0
3/21/2025,7,E,w,10,26,8,v,0
3/21/2025,7,E,w,11,26,8,v,0
3/21/2025,7,E,w,12,33,8,v,0
3/21/2025,7,E,d,13,23,8,v,0
3/21/2025,7,E,d,14,25,8,v,0
3/21/2025,7,E,w,15,27,10,v,0
3/21/2025,7,E,d,16,11,7,v,0
3/21/2025,7,E,w,17,14,4,v,0
3/21/2025,7,E,w,18,22,10,v,0
3/21/2025,7,E,w,19,30,9,v,0
3/21/2025,7,E,d,20,22,8,v,0
3/21/2025,7,E,w,21,27,9,v,0
3/21/2025,7,E,w,22,18,6,v,0
3/21/2025,7,E,w,23,31,9,v,0
3/21/2025,7,E,d,24,36,8,v,0
3/21/2025,7,E,d,25,22,9,v,0
3/21/2025,7,E,d,26,28,8,v,0
3/21/2025,7,E,d,27,27,14,v,0
3/21/2025,7,E,d,28,20,8,v,0
3/21/2025,7,E,w,29,22,8,v,0
3/21/2025,7,E,w,30,28,9,v,0
3/21/2025,7,E,d,31,30,9,v,0
3/21/2025,7,E,d,32,21,6,v,0
3/21/2025,7,E,w,33,39,12,v,0
3/21/2025,7,E,d,34,21,5,v,0
3/21/2025,7,E,w,35,45,14,v,0
3/21/2025,7,E,w,36,30,7,v,0
3/21/2025,7,E,d,37,24,15,v,0
3/21/2025,7,E,d,38,26,10,v,0
3/21/2025,7,T,d,1,29,10,v,0
3/21/2025,7,T,w,2,19,10,v,0
3/21/2025,7,T,d,3,20,7,v,0
3/21/2025,7,T,d,4,15,3,v,0
3/21/2025,7,T,w,5,24,8,v,0
3/21/2025,7,T,d,6,22,9,v,0
3/21/2025,7,T,d,7,23,9,v,0
3/21/2025,7,T,w,8,23,12,v,0
3/21/2025,7,T,w,9,29,10,v,0
3/21/2025,7,T,d,10,20,8,v,0
3/21/2025,7,T,d,11,25,10,v,0
3/21/2025,7,T,w,12,24,10,v,0
3/21/2025,7,T,d,13,22,7,v,0
3/21/2025,7,T,d,14,18,8,v,0
3/21/2025,7,T,d,15,29,10,v,0
3/21/2025,7,T,d,16,17,5,v,0
3/21/2025,7,T,w,17,16,7,v,0
3/21/2025,7,T,w,18,20,8,v,0
3/21/2025,7,T,d,19,16,8,v,0
3/21/2025,7,T,w,20,26,8,v,0
3/21/2025,7,T,w,21,16,4,v,0
3/21/2025,7,T,d,22,24,8,v,0
3/21/2025,7,T,d,23,24,9,v,0
3/21/2025,7,T,d,24,27,8,v,0
3/21/2025,7,T,w,25,20,8,v,0
3/21/2025,7,T,d,26,17,6,v,0
3/21/2025,7,T,d,27,20,6,v,0
3/21/2025,7,T,d,28,21,7,v,0
3/21/2025,7,T,d,29,17,6,v,0
3/21/2025,7,T,w,30,18,7,v,0
3/21/2025,7,T,w,31,20,8,v,0
3/21/2025,7,T,w,32,30,11,v,0
3/21/2025,7,T,w,33,29,12,v,0
3/21/2025,7,T,w,34,21,7,v,0
3/21/2025,7,T,w,35,33,10,v,0
3/21/2025,7,T,w,36,24,7,v,0
3/21/2025,7,T,w,37,27,8,v,0
3/21/2025,7,T,w,38,29,10,v,0
3/21/2025,7,HP,d,1,16,4,v,0
3/21/2025,7,HP,w,2,27,8,v,0
3/21/2025,7,HP,w,3,17,5,v,0
3/21/2025,7,HP,d,4,27,9,v,0
3/21/2025,7,HP,d,5,23,9,v,0
3/21/2025,7,HP,d,6,28,8,v,0
3/21/2025,7,HP,w,7,34,18,v,0
3/21/2025,7,HP,w,8,27,9,v,0
3/21/2025,7,HP,w,9,30,9,v,0
3/21/2025,7,HP,w,10,na,na,na,na
3/21/2025,7,HP,w,11,26,8,v,0
3/21/2025,7,HP,d,12,28,8,v,0
3/21/2025,7,HP,w,13,23,6,v,0
3/21/2025,7,HP,w,14,20,6,v,0
3/21/2025,7,HP,w,15,23,9,v,0
3/21/2025,7,HP,w,16,29,8,v,0
3/21/2025,7,HP,w,17,27,8,v,0
3/21/2025,7,HP,d,18,19,6,v,0
3/21/2025,7,HP,w,19,19,6,v,0
3/21/2025,7,HP,w,20,25,8,v,0
3/21/2025,7,HP,w,21,26,8,v,0
3/21/2025,7,HP,d,22,30,14,v,0
3/21/2025,7,HP,d,23,24,7,v,0
3/21/2025,7,HP,d,24,22,7,v,0
3/21/2025,7,HP,d,25,27,6,v,0
3/21/2025,7,HP,d,26,23,7,v,0
3/21/2025,7,HP,d,27,13,6,v,0
3/21/2025,7,HP,d,28,21,8,v,0
3/21/2025,7,HP,d,29,17,7,v,0
3/21/2025,7,HP,w,30,35,19,v,0
3/21/2025,7,HP,w,31,22,7,v,0
3/21/2025,7,HP,w,32,26,7,v,0
3/21/2025,7,HP,d,33,21,9,v,0
3/21/2025,7,HP,d,34,24,10,v,0
3/21/2025,7,HP,d,35,17,6,v,0
3/21/2025,7,HP,d,36,20,7,v,0
3/21/2025,7,HP,w,37,35,10,v,0
3/21/2025,7,HP,d,38,23,6,v,0
3/21/2025,7,MV,w,1,25,7,v,0
3/21/2025,7,MV,w,2,22,6,v,0
3/21/2025,7,MV,d,3,18,7,v,0
3/21/2025,7,MV,d,4,26,10,v,0
3/21/2025,7,MV,d,5,32,10,v,0
3/21/2025,7,MV,d,6,22,8,v,0
3/21/2025,7,MV,d,7,22,9,v,0
3/21/2025,7,MV,w,8,31,8,v,0
3/21/2025,7,MV,d,9,26,9,v,0
3/21/2025,7,MV,d,10,23,8,v,0
3/21/2025,7,MV,w,11,23,7,v,0
3/21/2025,7,MV,d,12,20,9,v,0
3/21/2025,7,MV,w,13,33,11,v,0
3/21/2025,7,MV,d,14,29,9,v,0
3/21/2025,7,MV,d,15,26,7,v,0
3/21/2025,7,MV,d,16,24,9,v,0
3/21/2025,7,MV,w,17,43,12,v,0
3/21/2025,7,MV,w,18,17,4,v,0
3/21/2025,7,MV,d,19,24,8,v,0
3/21/2025,7,MV,d,20,18,8,v,0
3/21/2025,7,MV,w,21,25,8,v,0
3/21/2025,7,MV,d,22,21,8,v,0
3/21/2025,7,MV,d,23,15,5,v,0
3/21/2025,7,MV,d,24,34,8,v,0
3/21/2025,7,MV,d,25,17,8,v,0
3/21/2025,7,MV,w,26,34,11,v,0
3/21/2025,7,MV,d,27,33,13,v,0
3/21/2025,7,MV,w,28,20,7,v,0
3/21/2025,7,MV,d,29,31,10,v,0
3/21/2025,7,MV,w,30,26,9,v,0
3/21/2025,7,MV,w,31,31,8,v,0
3/21/2025,7,MV,w,32,20,7,v,0
3/21/2025,7,MV,w,33,24,5,v,0
3/21/2025,7,MV,w,34,29,10,v,0
3/21/2025,7,MV,w,35,22,4,v,0
3/21/2025,7,MV,w,36,30,7,v,0
3/21/2025,7,MV,w,37,30,10,v,0
3/21/2025,7,MV,w,38,38,15,v,0
3/27/2025,14,C,w,1,36,22,v,0
3/27/2025,14,C,w,2,35,14,v,0
3/27/2025,14,C,w,3,47,26,v,0
3/27/2025,14,C,w,4,36,10,v,0
3/27/2025,14,C,w,5,53,34,v,0
3/27/2025,14,C,w,6,38,18,v,0
3/27/2025,14,C,w,7,21,12,v,0
3/27/2025,14,C,d,8,29,14,v,0
3/27/2025,14,C,w,9,47,22,v,0
3/27/2025,14,C,d,10,22,10,v,0
3/27/2025,14,C,w,11,45,28,v,0
3/27/2025,14,C,w,12,34,12,v,0
3/27/2025,14,C,d,13,16,9,v,0
3/27/2025,14,C,w,14,48,22,v,0
3/27/2025,14,C,d,15,24,8,v,0
3/27/2025,14,C,w,16,33,12,v,0
3/27/2025,14,C,d,17,30,16,v,0
3/27/2025,14,C,d,18,24,10,v,0
3/27/2025,14,C,w,19,45,28,v,0
3/27/2025,14,C,d,20,na,na,na,na
3/27/2025,14,C,d,21,30,14,v,0
3/27/2025,14,C,d,22,29,18,v,0
3/27/2025,14,C,d,23,29,10,v,0
3/27/2025,14,C,w,24,43,16,v,0
3/27/2025,14,C,w,25,40,18,v,0
3/27/2025,14,C,w,26,40,16,v,0
3/27/2025,14,C,w,27,34,12,v,0
3/27/2025,14,C,d,28,40,24,v,0
3/27/2025,14,C,d,29,25,10,v,0
3/27/2025,14,C,w,30,46,24,f,0
3/27/2025,14,C,w,31,44,22,v,0
3/27/2025,14,C,d,32,42,18,v,0
3/27/2025,14,C,d,33,26,12,v,0
3/27/2025,14,C,d,34,38,24,v,0
3/27/2025,14,C,d,35,30,10,v,0
3/27/2025,14,C,d,36,28,12,v,0
3/27/2025,14,C,d,37,28,14,v,0
3/27/2025,14,C,d,38,29,10,v,0
3/27/2025,14,E,d,1,28,9,v,0
3/27/2025,14,E,d,2,24,12,v,0
3/27/2025,14,E,w,3,23,8,v,0
3/27/2025,14,E,d,4,24,12,v,0
3/27/2025,14,E,d,5,28,14,v,0
3/27/2025,14,E,w,6,35,14,v,0
3/27/2025,14,E,w,7,38,28,v,0
3/27/2025,14,E,w,8,37,24,v,0
3/27/2025,14,E,d,9,33,10,v,0
3/27/2025,14,E,w,10,34,18,v,0
3/27/2025,14,E,w,11,23,10,v,0
3/27/2025,14,E,w,12,41,24,v,0
3/27/2025,14,E,d,13,24,8,v,0
3/27/2025,14,E,d,14,29,11,v,0
3/27/2025,14,E,w,15,34,14,v,0
3/27/2025,14,E,d,16,18,8,v,0
3/27/2025,14,E,w,17,14,6,v,0
3/27/2025,14,E,w,18,37,24,v,0
3/27/2025,14,E,w,19,40,20,v,0
3/27/2025,14,E,d,20,15,11,v,0
3/27/2025,14,E,w,21,30,12,v,0
3/27/2025,14,E,w,22,27,6,v,0
3/27/2025,14,E,w,23,33,16,v,0
3/27/2025,14,E,d,24,45,18,v,0
3/27/2025,14,E,d,25,28,12,v,0
3/27/2025,14,E,d,26,26,14,v,0
3/27/2025,14,E,d,27,26,14,v,0
3/27/2025,14,E,d,28,26,10,v,0
3/27/2025,14,E,w,29,29,16,v,0
3/27/2025,14,E,w,30,31,16,v,0
3/27/2025,14,E,d,31,32,16,v,0
3/27/2025,14,E,d,32,25,8,v,0
3/27/2025,14,E,w,33,31,22,v,0
3/27/2025,14,E,d,34,21,9,v,0
3/27/2025,14,E,w,35,49,24,v,0
3/27/2025,14,E,w,36,39,14,v,0
3/27/2025,14,E,d,37,29,22,v,0
3/27/2025,14,E,d,38,28,16,v,0
3/27/2025,14,T,d,1,34,22,v,0
3/27/2025,14,T,w,2,24,12,v,0
3/27/2025,14,T,d,3,30,12,v,0
3/27/2025,14,T,d,4,11,5,v,0
3/27/2025,14,T,w,5,32,12,v,0
3/27/2025,14,T,d,6,25,18,v,0
3/27/2025,14,T,d,7,22,11,v,0
3/27/2025,14,T,w,8,40,24,v,0
3/27/2025,14,T,w,9,43,26,v,0
3/27/2025,14,T,d,10,21,10,v,0
3/27/2025,14,T,d,11,25,18,v,0
3/27/2025,14,T,w,12,33,14,v,0
3/27/2025,14,T,d,13,25,16,v,0
3/27/2025,14,T,d,14,21,7,v,0
3/27/2025,14,T,d,15,20,14,v,0
3/27/2025,14,T,d,16,21,8,v,0
3/27/2025,14,T,w,17,23,9,v,0
3/27/2025,14,T,w,18,37,9,v,0
3/27/2025,14,T,d,19,15,10,v,0
3/27/2025,14,T,w,20,27,20,v,0
3/27/2025,14,T,w,21,27,5,v,0
3/27/2025,14,T,d,22,17,8,v,0
3/27/2025,14,T,d,23,25,16,v,0
3/27/2025,14,T,d,24,35,20,v,0
3/27/2025,14,T,w,25,34,10,v,0
3/27/2025,14,T,d,26,21,8,v,0
3/27/2025,14,T,d,27,19,16,v,0
3/27/2025,14,T,d,28,17,14,v,0
3/27/2025,14,T,d,29,21,8,v,0
3/27/2025,14,T,w,30,25,8,v,0
3/27/2025,14,T,w,31,23,16,v,0
3/27/2025,14,T,w,32,44,22,v,0
3/27/2025,14,T,w,33,36,16,v,0
3/27/2025,14,T,w,34,25,14,v,0
3/27/2025,14,T,w,35,38,20,v,0
3/27/2025,14,T,w,36,29,14,v,0
3/27/2025,14,T,w,37,32,22,v,0
3/27/2025,14,T,w,38,36,26,v,0
3/27/2025,14,HP,d,1,19,7,v,0
3/27/2025,14,HP,w,2,25,8,v,0
3/27/2025,14,HP,w,3,17,5,v,0
3/27/2025,14,HP,d,4,27,10,v,0
3/27/2025,14,HP,d,5,30,16,v,0
3/27/2025,14,HP,d,6,28,10,v,0
3/27/2025,14,HP,w,7,43,38,v,0
3/27/2025,14,HP,w,8,42,20,v,0
3/27/2025,14,HP,w,9,37,18,v,0
3/27/2025,14,HP,w,10,na,na,na,na
3/27/2025,14,HP,w,11,29,10,v,0
3/27/2025,14,HP,d,12,20,6,v,0
3/27/2025,14,HP,w,13,25,7,v,0
3/27/2025,14,HP,w,14,33,8,v,0
3/27/2025,14,HP,w,15,27,8,v,0
3/27/2025,14,HP,w,16,28,12,v,0
3/27/2025,14,HP,w,17,32,10,v,0
3/27/2025,14,HP,d,18,18,6,v,0
3/27/2025,14,HP,w,19,30,10,v,0
3/27/2025,14,HP,w,20,34,22,v,0
3/27/2025,14,HP,w,21,34,11,v,0
3/27/2025,14,HP,d,22,28,28,v,0
3/27/2025,14,HP,d,23,28,12,v,0
3/27/2025,14,HP,d,24,20,12,v,0
3/27/2025,14,HP,d,25,24,8,v,0
3/27/2025,14,HP,d,26,28,14,v,0
3/27/2025,14,HP,d,27,18,9,v,0
3/27/2025,14,HP,d,28,27,10,v,0
3/27/2025,14,HP,d,29,20,8,v,0
3/27/2025,14,HP,w,30,36,22,v,0
3/27/2025,14,HP,w,31,32,18,v,0
3/27/2025,14,HP,w,32,27,8,v,0
3/27/2025,14,HP,d,33,22,16,v,0
3/27/2025,14,HP,d,34,24,23,v,0
3/27/2025,14,HP,d,35,22,12,v,0
3/27/2025,14,HP,d,36,23,8,v,0
3/27/2025,14,HP,w,37,36,22,v,0
3/27/2025,14,HP,d,38,20,8,v,0
3/27/2025,14,MV,w,1,27,12,v,0
3/27/2025,14,MV,w,2,27,8,v,0
3/27/2025,14,MV,d,3,21,7,v,0
3/27/2025,14,MV,d,4,27,12,v,0
3/27/2025,14,MV,d,5,32,14,v,0
3/27/2025,14,MV,d,6,27,10,v,0
3/27/2025,14,MV,d,7,25,11,v,0
3/27/2025,14,MV,w,8,43,12,v,0
3/27/2025,14,MV,d,9,28,16,v,0
3/27/2025,14,MV,d,10,27,10,v,0
3/27/2025,14,MV,w,11,39,20,v,0
3/27/2025,14,MV,d,12,29,11,v,0
3/27/2025,14,MV,w,13,49,32,v,0
3/27/2025,14,MV,d,14,28,14,v,0
3/27/2025,14,MV,d,15,26,10,v,0
3/27/2025,14,MV,d,16,24,10,v,0
3/27/2025,14,MV,w,17,44,30,v,0
3/27/2025,14,MV,w,18,21,6,v,0
3/27/2025,14,MV,d,19,21,7,v,0
3/27/2025,14,MV,d,20,22,8,v,0
3/27/2025,14,MV,w,21,27,10,v,0
3/27/2025,14,MV,d,22,21,8,v,0
3/27/2025,14,MV,d,23,19,5,v,0
3/27/2025,14,MV,d,24,25,16,v,0
3/27/2025,14,MV,d,25,17,10,v,0
3/27/2025,14,MV,w,26,44,24,v,0
3/27/2025,14,MV,d,27,20,16,v,0
3/27/2025,14,MV,w,28,33,12,v,0
3/27/2025,14,MV,d,29,32,14,v,0
3/27/2025,14,MV,w,30,42,28,v,0
3/27/2025,14,MV,w,31,35,18,v,0
3/27/2025,14,MV,w,32,26,8,v,0
3/27/2025,14,MV,w,33,22,5,v,0
3/27/2025,14,MV,w,34,40,21,f,0
3/27/2025,14,MV,w,35,25,7,v,0
3/27/2025,14,MV,w,36,45,24,v,0
3/27/2025,14,MV,w,37,42,18,v,0
3/27/2025,14,MV,w,38,48,36,v,0
4/3/2025,21,C,w,1,54,38,v,0
4/3/2025,21,C,w,2,46,28,v,0
4/3/2025,21,C,w,3,67,42,v,0
4/3/2025,21,C,w,4,44,24,v,0
4/3/2025,21,C,w,5,81,60,f,0
4/3/2025,21,C,w,6,46,28,v,0
4/3/2025,21,C,w,7,32,14,v,0
4/3/2025,21,C,d,8,29,20,v,0
4/3/2025,21,C,w,9,70,46,v,0
4/3/2025,21,C,d,10,37,13,v,0
4/3/2025,21,C,w,11,55,42,v,0
4/3/2025,21,C,w,12,47,19,v,0
4/3/2025,21,C,d,13,19,7,v,0
4/3/2025,21,C,w,14,58,38,v,0
4/3/2025,21,C,d,15,21,10,v,0
4/3/2025,21,C,w,16,42,16,v,0
4/3/2025,21,C,d,17,29,10,v,0
4/3/2025,21,C,d,18,28,10,v,0
4/3/2025,21,C,w,19,61,40,v,0
4/3/2025,21,C,d,20,na,na,na,na
4/3/2025,21,C,d,21,28,14,v,0
4/3/2025,21,C,d,22,30,22,v,0
4/3/2025,21,C,d,23,21,9,v,0
4/3/2025,21,C,w,24,52,28,v,0
4/3/2025,21,C,w,25,53,32,v,0
4/3/2025,21,C,w,26,56,32,v,0
4/3/2025,21,C,w,27,41,20,v,0
4/3/2025,21,C,d,28,35,26,v,0
4/3/2025,21,C,d,29,24,7,v,0
4/3/2025,21,C,w,30,58,42,f,0
4/3/2025,21,C,w,31,57,36,v,0
4/3/2025,21,C,d,32,32,12,v,0
4/3/2025,21,C,d,33,33,12,v,0
4/3/2025,21,C,d,34,33,18,v,0
4/3/2025,21,C,d,35,na,na,na,na
4/3/2025,21,C,d,36,27,14,v,0
4/3/2025,21,C,d,37,27,16,v,0
4/3/2025,21,C,d,38,na,na,na,na
4/3/2025,21,E,d,1,26,6,v,0
4/3/2025,21,E,d,2,23,8,v,0
4/3/2025,21,E,w,3,30,22,v,0
4/3/2025,21,E,d,4,27,12,v,0
4/3/2025,21,E,d,5,na,na,na,na
4/3/2025,21,E,w,6,59,30,v,0
4/3/2025,21,E,w,7,48,56,v,0
4/3/2025,21,E,w,8,44,42,v,0
4/3/2025,21,E,d,9,41,14,v,0
4/3/2025,21,E,w,10,44,32,v,0
4/3/2025,21,E,w,11,36,12,v,0
4/3/2025,21,E,w,12,55,40,v,0
4/3/2025,21,E,d,13,22,8,v,0
4/3/2025,21,E,d,14,29,10,v,0
4/3/2025,21,E,w,15,53,30,v,0
4/3/2025,21,E,d,16,18,6,v,0
4/3/2025,21,E,w,17,20,10,v,0
4/3/2025,21,E,w,18,51,36,v,0
4/3/2025,21,E,w,19,49,26,v,0
4/3/2025,21,E,d,20,19,8,v,0
4/3/2025,21,E,w,21,37,24,v,0
4/3/2025,21,E,w,22,38,14,v,0
4/3/2025,21,E,w,23,48,28,v,0
4/3/2025,21,E,d,24,39,22,v,0
4/3/2025,21,E,d,25,32,10,v,0
4/3/2025,21,E,d,26,27,13,v,0
4/3/2025,21,E,d,27,na,na,na,na
4/3/2025,21,E,d,28,18,5,v,0
4/3/2025,21,E,w,29,56,30,v,0
4/3/2025,21,E,w,30,31,24,v,0
4/3/2025,21,E,d,31,36,22,v,0
4/3/2025,21,E,d,32,28,8,v,0
4/3/2025,21,E,w,33,58,50,v,0
4/3/2025,21,E,d,34,18,12,v,0
4/3/2025,21,E,w,35,56,46,v,0
4/3/2025,21,E,w,36,55,26,v,0
4/3/2025,21,E,d,37,28,15,v,0
4/3/2025,21,E,d,38,25,12,v,0
4/3/2025,21,T,d,1,25,22,v,0
4/3/2025,21,T,w,2,38,22,v,0
4/3/2025,21,T,d,3,33,14,v,0
4/3/2025,21,T,d,4,12,3,v,0
4/3/2025,21,T,w,5,38,30,v,0
4/3/2025,21,T,d,6,29,22,v,0
4/3/2025,21,T,d,7,21,8,v,0
4/3/2025,21,T,w,8,58,28,v,0
4/3/2025,21,T,w,9,60,32,v,0
4/3/2025,21,T,d,10,19,9,v,0
4/3/2025,21,T,d,11,26,18,v,0
4/3/2025,21,T,w,12,49,32,v,0
4/3/2025,21,T,d,13,26,17,v,0
4/3/2025,21,T,d,14,na,na,na,na
4/3/2025,21,T,d,15,19,13,v,0
4/3/2025,21,T,d,16,24,10,v,0
4/3/2025,21,T,w,17,34,14,v,0
4/3/2025,21,T,w,18,36,20,v,0
4/3/2025,21,T,d,19,17,7,v,0
4/3/2025,21,T,w,20,36,28,v,0
4/3/2025,21,T,w,21,35,14,v,0
4/3/2025,21,T,d,22,23,8,v,0
4/3/2025,21,T,d,23,30,18,v,0
4/3/2025,21,T,d,24,29,22,v,0
4/3/2025,21,T,w,25,43,16,v,0
4/3/2025,21,T,d,26,23,8,v,0
4/3/2025,21,T,d,27,19,8,v,0
4/3/2025,21,T,d,28,na,na,na,na
4/3/2025,21,T,d,29,25,11,v,0
4/3/2025,21,T,w,30,47,16,v,0
4/3/2025,21,T,w,31,35,24,v,0
4/3/2025,21,T,w,32,59,40,v,0
4/3/2025,21,T,w,33,48,30,v,0
4/3/2025,21,T,w,34,32,22,v,0
4/3/2025,21,T,w,35,52,28,v,0
4/3/2025,21,T,w,36,41,28,v,0
4/3/2025,21,T,w,37,53,26,v,0
4/3/2025,21,T,w,38,53,34,v,0
4/3/2025,21,HP,d,1,19,5,v,0
4/3/2025,21,HP,w,2,30,11,v,0
4/3/2025,21,HP,w,3,23,6,v,0
4/3/2025,21,HP,d,4,25,9,v,0
4/3/2025,21,HP,d,5,27,19,v,0
4/3/2025,21,HP,d,6,26,18,v,0
4/3/2025,21,HP,w,7,62,56,v,0
4/3/2025,21,HP,w,8,52,32,v,0
4/3/2025,21,HP,w,9,48,28,v,0
4/3/2025,21,HP,w,10,na,na,na,na
4/3/2025,21,HP,w,11,38,22,v,0
4/3/2025,21,HP,d,12,21,8,v,0
4/3/2025,21,HP,w,13,40,16,v,0
4/3/2025,21,HP,w,14,45,22,v,0
4/3/2025,21,HP,w,15,38,20,v,0
4/3/2025,21,HP,w,16,44,24,v,0
4/3/2025,21,HP,w,17,39,20,v,0
4/3/2025,21,HP,d,18,na,na,na,na
4/3/2025,21,HP,w,19,35,18,v,0
4/3/2025,21,HP,w,20,49,34,v,0
4/3/2025,21,HP,w,21,48,19,v,0
4/3/2025,21,HP,d,22,22,26,v,0
4/3/2025,21,HP,d,23,25,8,v,0
4/3/2025,21,HP,d,24,23,10,v,0
4/3/2025,21,HP,d,25,23,8,v,0
4/3/2025,21,HP,d,26,31,16,v,0
4/3/2025,21,HP,d,27,19,8,v,0
4/3/2025,21,HP,d,28,26,10,v,0
4/3/2025,21,HP,d,29,17,7,v,0
4/3/2025,21,HP,w,30,58,34,f,0
4/3/2025,21,HP,w,31,50,28,v,0
4/3/2025,21,HP,w,32,31,12,v,0
4/3/2025,21,HP,d,33,20,13,v,0
4/3/2025,21,HP,d,34,31,16,v,0
4/3/2025,21,HP,d,35,21,14,v,0
4/3/2025,21,HP,d,36,24,10,v,0
4/3/2025,21,HP,w,37,49,36,v,0
4/3/2025,21,HP,d,38,18,7,v,0
4/3/2025,21,MV,w,1,43,28,v,0
4/3/2025,21,MV,w,2,22,9,v,0
4/3/2025,21,MV,d,3,19,5,v,0
4/3/2025,21,MV,d,4,36,20,v,0
4/3/2025,21,MV,d,5,25,11,v,0
4/3/2025,21,MV,d,6,24,12,v,0
4/3/2025,21,MV,d,7,na,na,na,na
4/3/2025,21,MV,w,8,53,28,v,0
4/3/2025,21,MV,d,9,23,14,v,0
4/3/2025,21,MV,d,10,27,11,v,0
4/3/2025,21,MV,w,11,50,14,v,0
4/3/2025,21,MV,d,12,33,17,v,0
4/3/2025,21,MV,w,13,,,v,0
4/3/2025,21,MV,d,14,32,17,v,0
4/3/2025,21,MV,d,15,21,12,v,0
4/3/2025,21,MV,d,16,na,na,na,na
4/3/2025,21,MV,w,17,61,52,v,0
4/3/2025,21,MV,w,18,27,8,v,0
4/3/2025,21,MV,d,19,na,na,na,na
4/3/2025,21,MV,d,20,21,7,v,0
4/3/2025,21,MV,w,21,51,22,v,0
4/3/2025,21,MV,d,22,15,7,v,0
4/3/2025,21,MV,d,23,19,7,v,0
4/3/2025,21,MV,d,24,23,10,v,0
4/3/2025,21,MV,d,25,10,6,v,0
4/3/2025,21,MV,w,26,56,44,v,0
4/3/2025,21,MV,d,27,28,10,v,0
4/3/2025,21,MV,w,28,41,24,v,0
4/3/2025,21,MV,d,29,28,16,v,0
4/3/2025,21,MV,w,30,53,38,v,0
4/3/2025,21,MV,w,31,51,36,v,0
4/3/2025,21,MV,w,32,48,20,v,0
4/3/2025,21,MV,w,33,34,12,v,0
4/3/2025,21,MV,w,34,50,38,f,0
4/3/2025,21,MV,w,35,30,11,v,0
4/3/2025,21,MV,w,36,60,52,v,0
4/3/2025,21,MV,w,37,55,36,v,0
4/3/2025,21,MV,w,38,65,62,v,0
4/10/2025,28,C,w,1,62,54,v,0
4/10/2025,28,C,w,2,62,30,v,0
4/10/2025,28,C,w,3,79,72,v,0
4/10/2025,28,C,w,4,63,34,v,0
4/10/2025,28,C,w,5,81,80,v,0
4/10/2025,28,C,w,6,54,42,v,0
4/10/2025,28,C,w,7,41,16,v,0
4/10/2025,28,C,d,8,na,na,na,na
4/10/2025,28,C,w,9,72,30,v,0
4/10/2025,28,C,d,10,na,na,na,na
4/10/2025,28,C,w,11,54,48,v,0
4/10/2025,28,C,w,12,55,30,v,0
4/10/2025,28,C,d,13,20,10,v,0
4/10/2025,28,C,w,14,64,50,v,0
4/10/2025,28,C,d,15,na,na,na,na
4/10/2025,28,C,w,16,52,30,v,0
4/10/2025,28,C,d,17,na,na,na,na
4/10/2025,28,C,d,18,na,na,na,na
4/10/2025,28,C,w,19,69,58,v,0
4/10/2025,28,C,d,20,na,na,na,na
4/10/2025,28,C,d,21,na,na,na,na
4/10/2025,28,C,d,22,34,26,f,1
4/10/2025,28,C,d,23,na,na,na,na
4/10/2025,28,C,w,24,60,46,v,0
4/10/2025,28,C,w,25,63,54,v,0
4/10/2025,28,C,w,26,68,42,v,0
4/10/2025,28,C,w,27,49,26,v,0
4/10/2025,28,C,d,28,na,na,na,na
4/10/2025,28,C,d,29,na,na,na,na
4/10/2025,28,C,w,30,65,50,f,3
4/10/2025,28,C,w,31,47,44,v,0
4/10/2025,28,C,d,32,na,na,na,na
4/10/2025,28,C,d,33,na,na,na,na
4/10/2025,28,C,d,34,na,na,na,na
4/10/2025,28,C,d,35,na,na,na,na
4/10/2025,28,C,d,36,30,14,v,0
4/10/2025,28,C,d,37,na,na,na,na
4/10/2025,28,C,d,38,na,na,na,na
4/10/2025,28,E,d,1,na,na,na,na
4/10/2025,28,E,d,2,na,na,na,na
4/10/2025,28,E,w,3,44,24,v,0
4/10/2025,28,E,d,4,30,18,v,0
4/10/2025,28,E,d,5,na,na,na,na
4/10/2025,28,E,w,6,57,38,v,0
4/10/2025,28,E,w,7,53,58,v,0
4/10/2025,28,E,w,8,56,56,v,0
4/10/2025,28,E,d,9,40,22,v,0
4/10/2025,28,E,w,10,61,50,v,0
4/10/2025,28,E,w,11,44,24,v,0
4/10/2025,28,E,w,12,63,42,f,1
4/10/2025,28,E,d,13,24,7,v,0
4/10/2025,28,E,d,14,na,na,na,na
4/10/2025,28,E,w,15,57,34,v,0
4/10/2025,28,E,d,16,19,4,v,0
4/10/2025,28,E,w,17,25,16,v,0
4/10/2025,28,E,w,18,61,62,v,0
4/10/2025,28,E,w,19,54,40,v,0
4/10/2025,28,E,d,20,na,na,na,na
4/10/2025,28,E,w,21,42,36,v,0
4/10/2025,28,E,w,22,46,24,v,0
4/10/2025,28,E,w,23,53,32,v,0
4/10/2025,28,E,d,24,na,na,na,na
4/10/2025,28,E,d,25,na,na,na,na
4/10/2025,28,E,d,26,na,na,na,na
4/10/2025,28,E,d,27,na,na,na,na
4/10/2025,28,E,d,28,na,na,na,na
4/10/2025,28,E,w,29,58,42,v,0
4/10/2025,28,E,w,30,48,28,v,0
4/10/2025,28,E,d,31,na,na,na,na
4/10/2025,28,E,d,32,na,na,na,na
4/10/2025,28,E,w,33,56,52,f,3
4/10/2025,28,E,d,34,18,18,v,0
4/10/2025,28,E,w,35,76,44,v,0
4/10/2025,28,E,w,36,60,42,v,0
4/10/2025,28,E,d,37,na,na,na,na
4/10/2025,28,E,d,38,na,na,na,na
4/10/2025,28,T,d,1,na,na,na,na
4/10/2025,28,T,w,2,50,36,v,0
4/10/2025,28,T,d,3,31,20,v,0
4/10/2025,28,T,d,4,na,na,na,na
4/10/2025,28,T,w,5,49,44,v,0
4/10/2025,28,T,d,6,34,24,v,0
4/10/2025,28,T,d,7,na,na,na,na
4/10/2025,28,T,w,8,62,48,v,0
4/10/2025,28,T,w,9,86,56,v,0
4/10/2025,28,T,d,10,19,10,v,0
4/10/2025,28,T,d,11,na,na,na,na
4/10/2025,28,T,w,12,60,42,v,0
4/10/2025,28,T,d,13,23,16,v,0
4/10/2025,28,T,d,14,na,na,na,na
4/10/2025,28,T,d,15,na,na,na,na
4/10/2025,28,T,d,16,20,11,v,0
4/10/2025,28,T,w,17,48,24,v,0
4/10/2025,28,T,w,18,48,26,v,0
4/10/2025,28,T,d,19,na,na,na,na
4/10/2025,28,T,w,20,51,38,v,0
4/10/2025,28,T,w,21,44,22,v,0
4/10/2025,28,T,d,22,na,na,na,na
4/10/2025,28,T,d,23,33,28,v,0
4/10/2025,28,T,d,24,na,na,na,na
4/10/2025,28,T,w,25,45,28,v,0
4/10/2025,28,T,d,26,na,na,na,na
4/10/2025,28,T,d,27,na,na,na,na
4/10/2025,28,T,d,28,na,na,na,na
4/10/2025,28,T,d,29,24,9,v,0
4/10/2025,28,T,w,30,45,26,v,0
4/10/2025,28,T,w,31,48,28,v,0
4/10/2025,28,T,w,32,67,58,v,0
4/10/2025,28,T,w,33,60,36,v,0
4/10/2025,28,T,w,34,41,32,v,0
4/10/2025,28,T,w,35,61,48,v,0
4/10/2025,28,T,w,36,58,32,v,0
4/10/2025,28,T,w,37,55,40,v,0
4/10/2025,28,T,w,38,63,48,v,0
4/10/2025,28,HP,d,1,na,na,na,na
4/10/2025,28,HP,w,2,28,10,v,0
4/10/2025,28,HP,w,3,24,12,v,0
4/10/2025,28,HP,d,4,na,na,na,na
4/10/2025,28,HP,d,5,na,na,na,na
4/10/2025,28,HP,d,6,29,16,v,0
4/10/2025,28,HP,w,7,55,68,v,0
4/10/2025,28,HP,w,8,65,50,v,0
4/10/2025,28,HP,w,9,64,30,v,0
4/10/2025,28,HP,w,10,na,na,na,na
4/10/2025,28,HP,w,11,52,28,v,0
4/10/2025,28,HP,d,12,na,na,na,na
4/10/2025,28,HP,w,13,44,20,v,0
4/10/2025,28,HP,w,14,48,36,v,0
4/10/2025,28,HP,w,15,44,22,v,0
4/10/2025,28,HP,w,16,56,30,v,0
4/10/2025,28,HP,w,17,53,32,v,0
4/10/2025,28,HP,d,18,na,na,na,na
4/10/2025,28,HP,w,19,41,26,v,0
4/10/2025,28,HP,w,20,61,56,v,0
4/10/2025,28,HP,w,21,63,23,v,0
4/10/2025,28,HP,d,22,na,na,na,na
4/10/2025,28,HP,d,23,na,na,na,na
4/10/2025,28,HP,d,24,na,na,na,na
4/10/2025,28,HP,d,25,na,na,na,na
4/10/2025,28,HP,d,26,33,24,v,0
4/10/2025,28,HP,d,27,18,6,v,0
4/10/2025,28,HP,d,28,na,na,na,na
4/10/2025,28,HP,d,29,na,na,na,na
4/10/2025,28,HP,w,30,63,44,f,1
4/10/2025,28,HP,w,31,52,36,v,0
4/10/2025,28,HP,w,32,35,18,v,0
4/10/2025,28,HP,d,33,na,na,na,na
4/10/2025,28,HP,d,34,na,na,na,na
4/10/2025,28,HP,d,35,na,na,na,na
4/10/2025,28,HP,d,36,34,16,v,0
4/10/2025,28,HP,w,37,53,46,v,0
4/10/2025,28,HP,d,38,na,na,na,na
4/10/2025,28,MV,w,1,54,44,v,0
4/10/2025,28,MV,w,2,17,6,v,0
4/10/2025,28,MV,d,3,na,na,na,na
4/10/2025,28,MV,d,4,na,na,na,na
4/10/2025,28,MV,d,5,na,na,na,na
4/10/2025,28,MV,d,6,34,8,v,0
4/10/2025,28,MV,d,7,na,na,na,na
4/10/2025,28,MV,w,8,60,44,v,0
4/10/2025,28,MV,d,9,na,na,na,na
4/10/2025,28,MV,d,10,na,na,na,na
4/10/2025,28,MV,w,11,51,28,v,0
4/10/2025,28,MV,d,12,na,na,na,na
4/10/2025,28,MV,w,13,61,56,v,0
4/10/2025,28,MV,d,14,na,na,na,na
4/10/2025,28,MV,d,15,na,na,na,na
4/10/2025,28,MV,d,16,na,na,na,na
4/10/2025,28,MV,w,17,78,56,v,0
4/10/2025,28,MV,w,18,30,13,v,0
4/10/2025,28,MV,d,19,na,na,na,na
4/10/2025,28,MV,d,20,na,na,na,na
4/10/2025,28,MV,w,21,58,44,v,0
4/10/2025,28,MV,d,22,na,na,na,na
4/10/2025,28,MV,d,23,na,na,na,na
4/10/2025,28,MV,d,24,na,na,na,na
4/10/2025,28,MV,d,25,na,na,na,na
4/10/2025,28,MV,w,26,63,46,v,0
4/10/2025,28,MV,d,27,na,na,na,na
4/10/2025,28,MV,w,28,48,32,v,0
4/10/2025,28,MV,d,29,na,na,na,na
4/10/2025,28,MV,w,30,59,56,v,0
4/10/2025,28,MV,w,31,51,42,v,0
4/10/2025,28,MV,w,32,54,32,v,0
4/10/2025,28,MV,w,33,39,16,v,0
4/10/2025,28,MV,w,34,60,60,f,3
4/10/2025,28,MV,w,35,40,24,v,0
4/10/2025,28,MV,w,36,71,64,v,0
4/10/2025,28,MV,w,37,72,56,v,0
4/10/2025,28,MV,w,38,85,0,v,0
4/17/2025,35,C,w,1,59,74,v,0
4/17/2025,35,C,w,2,65,52,v,0
4/17/2025,35,C,w,3,99,88,v,0
4/17/2025,35,C,w,4,71,48,v,0
4/17/2025,35,C,w,5,70,64,f,2
4/17/2025,35,C,w,6,61,68,v,0
4/17/2025,35,C,w,7,47,34,v,0
4/17/2025,35,C,d,8,na,na,v,0
4/17/2025,35,C,w,9,74,98,v,0
4/17/2025,35,C,d,10,na,na,na,na
4/17/2025,35,C,w,11,60,62,v,0
4/17/2025,35,C,w,12,65,56,v,0
4/17/2025,35,C,d,13,16,11,v,0
4/17/2025,35,C,w,14,86,70,v,0
4/17/2025,35,C,d,15,na,na,v,0
4/17/2025,35,C,w,16,53,50,v,0
4/17/2025,35,C,d,17,na,na,na,na
4/17/2025,35,C,d,18,na,na,na,na
4/17/2025,35,C,w,19,74,74,v,0
4/17/2025,35,C,d,20,na,na,na,na
4/17/2025,35,C,d,21,na,na,na,na
4/17/2025,35,C,d,22,na,na,na,na
4/17/2025,35,C,d,23,na,na,na,na
4/17/2025,35,C,w,24,72,70,v,0
4/17/2025,35,C,w,25,65,74,v,0
4/17/2025,35,C,w,26,77,84,v,0
4/17/2025,35,C,w,27,51,44,v,0
4/17/2025,35,C,d,28,na,na,na,na
4/17/2025,35,C,d,29,na,na,na,na
4/17/2025,35,C,w,30,80,80,f,4
4/17/2025,35,C,w,31,na,na,na,na
4/17/2025,35,C,d,32,na,na,na,na
4/17/2025,35,C,d,33,na,na,na,na
4/17/2025,35,C,d,34,na,na,na,na
4/17/2025,35,C,d,35,na,na,na,na
4/17/2025,35,C,d,36,30,18,v,0
4/17/2025,35,C,d,37,na,na,na,na
4/17/2025,35,C,d,38,na,na,na,na
4/17/2025,35,E,d,1,na,na,na,na
4/17/2025,35,E,d,2,na,na,na,na
4/17/2025,35,E,w,3,45,36,v,0
4/17/2025,35,E,d,4,29,16,v,0
4/17/2025,35,E,d,5,na,na,na,na
4/17/2025,35,E,w,6,75,62,v,0
4/17/2025,35,E,w,7,61,82,v,0
4/17/2025,35,E,w,8,55,84,v,0
4/17/2025,35,E,d,9,34,22,v,0
4/17/2025,35,E,w,10,68,58,v,0
4/17/2025,35,E,w,11,47,30,v,0
4/17/2025,35,E,w,12,72,62,v,0
4/17/2025,35,E,d,13,na,na,na,na
4/17/2025,35,E,d,14,na,na,na,na
4/17/2025,35,E,w,15,67,60,v,0
4/17/2025,35,E,d,16,16,6,v,0
4/17/2025,35,E,w,17,30,20,v,0
4/17/2025,35,E,w,18,68,72,v,0
4/17/2025,35,E,w,19,66,42,v,0
4/17/2025,35,E,d,20,na,na,na,na
4/17/2025,35,E,w,21,61,54,v,0
4/17/2025,35,E,w,22,53,30,v,0
4/17/2025,35,E,w,23,70,58,v,0
4/17/2025,35,E,d,24,na,na,na,na
4/17/2025,35,E,d,25,na,na,na,na
4/17/2025,35,E,d,26,na,na,na,na
4/17/2025,35,E,d,27,na,na,na,na
4/17/2025,35,E,d,28,na,na,na,na
4/17/2025,35,E,w,29,76,56,v,0
4/17/2025,35,E,w,30,47,50,v,0
4/17/2025,35,E,d,31,na,na,na,na
4/17/2025,35,E,d,32,na,na,na,na
4/17/2025,35,E,w,33,62,70,f,3
4/17/2025,35,E,d,34,20,10,v,0
4/17/2025,35,E,w,35,73,76,v,0
4/17/2025,35,E,w,36,74,72,v,0
4/17/2025,35,E,d,37,na,na,na,na
4/17/2025,35,E,d,38,na,na,na,na
4/17/2025,35,T,d,1,na,na,na,na
4/17/2025,35,T,w,2,41,48,v,0
4/17/2025,35,T,d,3,na,na,na,na
4/17/2025,35,T,d,4,na,na,na,na
4/17/2025,35,T,w,5,52,68,v,0
4/17/2025,35,T,d,6,39,26,v,0
4/17/2025,35,T,d,7,na,na,na,na
4/17/2025,35,T,w,8,70,66,v,0
4/17/2025,35,T,w,9,93,102,v,0
4/17/2025,35,T,d,10,21,10,v,0
4/17/2025,35,T,d,11,na,na,na,na
4/17/2025,35,T,w,12,63,68,v,0
4/17/2025,35,T,d,13,24,16,v,0
4/17/2025,35,T,d,14,na,na,na,na
4/17/2025,35,T,d,15,na,na,na,na
4/17/2025,35,T,d,16,24,12,v,0
4/17/2025,35,T,w,17,48,38,v,0
4/17/2025,35,T,w,18,45,36,v,0
4/17/2025,35,T,d,19,na,na,na,na
4/17/2025,35,T,w,20,56,54,v,0
4/17/2025,35,T,w,21,55,56,v,0
4/17/2025,35,T,d,22,na,na,na,na
4/17/2025,35,T,d,23,31,22,v,0
4/17/2025,35,T,d,24,na,na,na,na
4/17/2025,35,T,w,25,61,42,v,0
4/17/2025,35,T,d,26,na,na,na,na
4/17/2025,35,T,d,27,na,na,na,na
4/17/2025,35,T,d,28,na,na,na,na
4/17/2025,35,T,d,29,na,na,na,na
4/17/2025,35,T,w,30,53,40,v,0
4/17/2025,35,T,w,31,59,50,v,0
4/17/2025,35,T,w,32,71,76,v,0
4/17/2025,35,T,w,33,59,60,v,0
4/17/2025,35,T,w,34,51,50,v,0
4/17/2025,35,T,w,35,67,62,v,0
4/17/2025,35,T,w,36,65,52,v,0
4/17/2025,35,T,w,37,62,na,v,0
4/17/2025,35,T,w,38,73,70,v,0
4/17/2025,35,HP,d,1,na,na,na,na
4/17/2025,35,HP,w,2,30,11,v,0
4/17/2025,35,HP,w,3,na,na,na,na
4/17/2025,35,HP,d,4,na,na,na,na
4/17/2025,35,HP,d,5,na,na,na,na
4/17/2025,35,HP,d,6,na,na,na,na
4/17/2025,35,HP,w,7,78,100,v,0
4/17/2025,35,HP,w,8,88,76,v,0
4/17/2025,35,HP,w,9,73,64,v,0
4/17/2025,35,HP,w,10,na,na,na,na
4/17/2025,35,HP,w,11,36,32,v,0
4/17/2025,35,HP,d,12,na,na,na,na
4/17/2025,35,HP,w,13,46,30,v,0
4/17/2025,35,HP,w,14,57,56,v,0
4/17/2025,35,HP,w,15,60,40,v,0
4/17/2025,35,HP,w,16,61,52,v,0
4/17/2025,35,HP,w,17,57,42,v,0
4/17/2025,35,HP,d,18,na,na,na,na
4/17/2025,35,HP,w,19,53,34,v,0
4/17/2025,35,HP,w,20,70,82,v,0
4/17/2025,35,HP,w,21,76,52,v,0
4/17/2025,35,HP,d,22,na,na,na,na
4/17/2025,35,HP,d,23,na,na,na,na
4/17/2025,35,HP,d,24,na,na,na,na
4/17/2025,35,HP,d,25,na,na,na,na
4/17/2025,35,HP,d,26,36,24,v,0
4/17/2025,35,HP,d,27,na,na,na,na
4/17/2025,35,HP,d,28,na,na,na,na
4/17/2025,35,HP,d,29,na,na,na,na
4/17/2025,35,HP,w,30,75,76,f,2
4/17/2025,35,HP,w,31,58,58,v,0
4/17/2025,35,HP,w,32,39,32,v,0
4/17/2025,35,HP,d,33,na,na,na,na
4/17/2025,35,HP,d,34,na,na,na,na
4/17/2025,35,HP,d,35,na,na,na,na
4/17/2025,35,HP,d,36,34,13,v,0
4/17/2025,35,HP,w,37,74,74,v,0
4/17/2025,35,HP,d,38,na,na,na,na
4/17/2025,35,MV,w,1,65,50,v,0
4/17/2025,35,MV,w,2,18,12,v,0
4/17/2025,35,MV,d,3,na,na,na,na
4/17/2025,35,MV,d,4,na,na,na,na
4/17/2025,35,MV,d,5,na,na,na,na
4/17/2025,35,MV,d,6,23,9,v,0
4/17/2025,35,MV,d,7,na,na,na,na
4/17/2025,35,MV,w,8,71,74,v,0
4/17/2025,35,MV,d,9,na,na,na,na
4/17/2025,35,MV,d,10,na,na,na,na
4/17/2025,35,MV,w,11,56,48,v,0
4/17/2025,35,MV,d,12,na,na,na,na
4/17/2025,35,MV,w,13,66,94,v,0
4/17/2025,35,MV,d,14,na,na,na,na
4/17/2025,35,MV,d,15,na,na,na,na
4/17/2025,35,MV,d,16,na,na,na,na
4/17/2025,35,MV,w,17,84,96,f,1
4/17/2025,35,MV,w,18,35,20,v,0
4/17/2025,35,MV,d,19,na,na,na,na
4/17/2025,35,MV,d,20,na,na,na,na
4/17/2025,35,MV,w,21,57,52,v,0
4/17/2025,35,MV,d,22,na,na,na,na
4/17/2025,35,MV,d,23,na,na,na,na
4/17/2025,35,MV,d,24,na,na,na,na
4/17/2025,35,MV,d,25,na,na,na,na
4/17/2025,35,MV,w,26,98,86,f,0
4/17/2025,35,MV,d,27,na,na,na,na
4/17/2025,35,MV,w,28,65,56,v,0
4/17/2025,35,MV,d,29,na,na,na,na
4/17/2025,35,MV,w,30,59,80,v,0
4/17/2025,35,MV,w,31,60,58,v,0
4/17/2025,35,MV,w,32,67,58,v,0
4/17/2025,35,MV,w,33,43,30,v,0
4/17/2025,35,MV,w,34,68,64,f,3
4/17/2025,35,MV,w,35,46,36,v,0
4/17/2025,35,MV,w,36,94,88,v,0
4/17/2025,35,MV,w,37,74,74,v,0
4/17/2025,35,MV,w,38,90,106,v,0
4/17/2025,49,C,w,1,na,na,na,na
4/17/2025,49,C,w,2,91,na,f,5
4/17/2025,49,C,w,3,129,na,f,3
4/17/2025,49,C,w,4,100,na,v,na
4/17/2025,49,C,w,5,96,na,v,na
4/17/2025,49,C,w,6,74,na,v,na
4/17/2025,49,C,w,7,48,na,v,na
4/17/2025,49,C,d,8,na,na,na,na
4/17/2025,49,C,w,9,101,na,v,na
4/17/2025,49,C,d,10,na,na,na,na
4/17/2025,49,C,w,11,66,na,v,na
4/17/2025,49,C,w,12,72,na,f,4
4/17/2025,49,C,d,13,na,na,na,na
4/17/2025,49,C,w,14,93,na,v,na
4/17/2025,49,C,d,15,na,na,na,na
4/17/2025,49,C,w,16,74,na,v,na
4/17/2025,49,C,d,17,na,na,na,na
4/17/2025,49,C,d,18,na,na,na,na
4/17/2025,49,C,w,19,79,na,f,4
4/17/2025,49,C,d,20,na,na,na,na
4/17/2025,49,C,d,21,na,na,na,na
4/17/2025,49,C,d,22,na,na,na,na
4/17/2025,49,C,d,23,na,na,na,na
4/17/2025,49,C,w,24,88,na,v,na
4/17/2025,49,C,w,25,na,na,na,na
4/17/2025,49,C,w,26,97,na,f,2
4/17/2025,49,C,w,27,79,na,v,na
4/17/2025,49,C,d,28,na,na,na,na
4/17/2025,49,C,d,29,na,na,na,na
4/17/2025,49,C,w,30,79,na,f,21
4/17/2025,49,C,w,31,na,na,na,na
4/17/2025,49,C,d,32,na,na,na,na
4/17/2025,49,C,d,33,na,na,na,na
4/17/2025,49,C,d,34,na,na,na,na
4/17/2025,49,C,d,35,na,na,na,na
4/17/2025,49,C,d,36,na,na,na,na
4/17/2025,49,C,d,37,na,na,na,na
4/17/2025,49,C,d,38,na,na,na,na
4/17/2025,49,E,d,1,na,na,na,na
4/17/2025,49,E,d,2,na,na,na,na
4/17/2025,49,E,w,3,66,na,v,na
4/17/2025,49,E,d,4,28,na,v,na
4/17/2025,49,E,d,5,na,na,na,na
4/17/2025,49,E,w,6,90,na,f,3
4/17/2025,49,E,w,7,47,na,v,na
4/17/2025,49,E,w,8,na,na,na,na
4/17/2025,49,E,d,9,na,na,na,na
4/17/2025,49,E,w,10,89,na,v,na
4/17/2025,49,E,w,11,55,na,v,na
4/17/2025,49,E,w,12,83,na,f,5
4/17/2025,49,E,d,13,na,na,na,na
4/17/2025,49,E,d,14,na,na,na,na
4/17/2025,49,E,w,15,81,na,v,na
4/17/2025,49,E,d,16,na,na,na,na
4/17/2025,49,E,w,17,54,na,v,na
4/17/2025,49,E,w,18,68,na,v,na
4/17/2025,49,E,w,19,94,na,v,na
4/17/2025,49,E,d,20,na,na,na,na
4/17/2025,49,E,w,21,47,na,v,na
4/17/2025,49,E,w,22,75,na,v,na
4/17/2025,49,E,w,23,na,na,na,na
4/17/2025,49,E,d,24,na,na,na,na
4/17/2025,49,E,d,25,na,na,na,na
4/17/2025,49,E,d,26,na,na,na,na
4/17/2025,49,E,d,27,na,na,na,na
4/17/2025,49,E,d,28,na,na,na,na
4/17/2025,49,E,w,29,103,na,v,na
4/17/2025,49,E,w,30,61,na,v,na
4/17/2025,49,E,d,31,na,na,na,na
4/17/2025,49,E,d,32,na,na,na,na
4/17/2025,49,E,w,33,63,na,f,24
4/17/2025,49,E,d,34,na,na,na,na
4/17/2025,49,E,w,35,52,na,v,na
4/17/2025,49,E,w,36,81,na,v,na
4/17/2025,49,E,d,37,na,na,na,na
4/17/2025,49,E,d,38,na,na,na,na
4/17/2025,49,T,d,1,na,na,na,na
4/17/2025,49,T,w,2,55,na,v,na
4/17/2025,49,T,d,3,na,na,na,na
4/17/2025,49,T,d,4,na,na,na,na
4/17/2025,49,T,w,5,71,na,v,na
4/17/2025,49,T,d,6,27,na,v,na
4/17/2025,49,T,d,7,na,na,na,na
4/17/2025,49,T,w,8,76,na,v,na
4/17/2025,49,T,w,9,95,na,f,2
4/17/2025,49,T,d,10,na,na,na,na
4/17/2025,49,T,d,11,na,na,na,na
4/17/2025,49,T,w,12,89,na,v,na
4/17/2025,49,T,d,13,na,na,na,na
4/17/2025,49,T,d,14,na,na,na,na
4/17/2025,49,T,d,15,na,na,na,na
4/17/2025,49,T,d,16,na,na,na,na
4/17/2025,49,T,w,17,75,na,v,na
4/17/2025,49,T,w,18,na,na,na,na
4/17/2025,49,T,d,19,na,na,na,na
4/17/2025,49,T,w,20,78,na,v,na
4/17/2025,49,T,w,21,75,na,v,na
4/17/2025,49,T,d,22,na,na,na,na
4/17/2025,49,T,d,23,na,na,na,na
4/17/2025,49,T,d,24,na,na,na,na
4/17/2025,49,T,w,25,70,na,v,na
4/17/2025,49,T,d,26,na,na,na,na
4/17/2025,49,T,d,27,na,na,na,na
4/17/2025,49,T,d,28,na,na,na,na
4/17/2025,49,T,d,29,na,na,na,na
4/17/2025,49,T,w,30,55,na,v,na
4/17/2025,49,T,w,31,58,na,v,na
4/17/2025,49,T,w,32,na,na,na,na
4/17/2025,49,T,w,33,73,na,v,na
4/17/2025,49,T,w,34,82,na,v,na
4/17/2025,49,T,w,35,na,na,na,na
4/17/2025,49,T,w,36,72,na,v,na
4/17/2025,49,T,w,37,79,na,v,na
4/17/2025,49,T,w,38,101,na,v,na
4/17/2025,49,HP,d,1,na,na,na,na
4/17/2025,49,HP,w,2,na,na,na,na
4/17/2025,49,HP,w,3,na,na,na,na
4/17/2025,49,HP,d,4,na,na,na,na
4/17/2025,49,HP,d,5,na,na,na,na
4/17/2025,49,HP,d,6,na,na,na,na
4/17/2025,49,HP,w,7,79,na,v,na
4/17/2025,49,HP,w,8,88,na,v,na
4/17/2025,49,HP,w,9,86,na,v,na
4/17/2025,49,HP,w,10,na,na,na,na
4/17/2025,49,HP,w,11,na,na,na,na
4/17/2025,49,HP,d,12,na,na,na,na
4/17/2025,49,HP,w,13,72,na,v,na
4/17/2025,49,HP,w,14,45,na,v,na
4/17/2025,49,HP,w,15,69,na,v,na
4/17/2025,49,HP,w,16,80,na,v,na
4/17/2025,49,HP,w,17,77,na,v,na
4/17/2025,49,HP,d,18,na,na,na,na
4/17/2025,49,HP,w,19,70,na,v,na
4/17/2025,49,HP,w,20,94,na,f,2
4/17/2025,49,HP,w,21,98,na,f,2
4/17/2025,49,HP,d,22,na,na,na,na
4/17/2025,49,HP,d,23,na,na,na,na
4/17/2025,49,HP,d,24,na,na,na,na
4/17/2025,49,HP,d,25,na,na,na,na
4/17/2025,49,HP,d,26,na,na,na,na
4/17/2025,49,HP,d,27,na,na,na,na
4/17/2025,49,HP,d,28,na,na,na,na
4/17/2025,49,HP,d,29,na,na,na,na
4/17/2025,49,HP,w,30,91,na,f,17
4/17/2025,49,HP,w,31,71,na,v,na
4/17/2025,49,HP,w,32,58,na,f,2
4/17/2025,49,HP,d,33,na,na,na,na
4/17/2025,49,HP,d,34,na,na,na,na
4/17/2025,49,HP,d,35,na,na,na,na
4/17/2025,49,HP,d,36,na,na,na,na
4/17/2025,49,HP,w,37,107,na,v,na
4/17/2025,49,HP,d,38,30,na,v,na
4/17/2025,49,MV,w,1,na,na,na,na
4/17/2025,49,MV,w,2,13,na,v,na
4/17/2025,49,MV,d,3,na,na,na,na
4/17/2025,49,MV,d,4,na,na,na,na
4/17/2025,49,MV,d,5,na,na,na,na
4/17/2025,49,MV,d,6,na,na,na,na
4/17/2025,49,MV,d,7,na,na,na,na
4/17/2025,49,MV,w,8,96,na,v,na
4/17/2025,49,MV,d,9,na,na,na,na
4/17/2025,49,MV,d,10,na,na,na,na
4/17/2025,49,MV,w,11,81,na,v,na
4/17/2025,49,MV,d,12,na,na,na,na
4/17/2025,49,MV,w,13,69,na,f,4
4/17/2025,49,MV,d,14,na,na,na,na
4/17/2025,49,MV,d,15,na,na,na,na
4/17/2025,49,MV,d,16,na,na,na,na
4/17/2025,49,MV,w,17,97,na,f,9
4/17/2025,49,MV,w,18,na,na,na,na
4/17/2025,49,MV,d,19,na,na,na,na
4/17/2025,49,MV,d,20,na,na,na,na
4/17/2025,49,MV,w,21,66,na,v,na
4/17/2025,49,MV,d,22,na,na,na,na
4/17/2025,49,MV,d,23,na,na,na,na
4/17/2025,49,MV,d,24,na,na,na,na
4/17/2025,49,MV,d,25,na,na,na,na
4/17/2025,49,MV,w,26,113,na,f,15
4/17/2025,49,MV,d,27,na,na,na,na
4/17/2025,49,MV,w,28,80,na,f,2
4/17/2025,49,MV,d,29,na,na,na,na
4/17/2025,49,MV,w,30,73,na,v,na
4/17/2025,49,MV,w,31,na,na,na,na
4/17/2025,49,MV,w,32,79,na,f,6
4/17/2025,49,MV,w,33,57,na,v,na
4/17/2025,49,MV,w,34,50,na,f,4
4/17/2025,49,MV,w,35,65,na,f,1
4/17/2025,49,MV,w,36,104,na,f,2
4/17/2025,49,MV,w,37,96,na,v,na
4/17/2025,49,MV,w,38,112,na,f,2
